title_native,title_en,total_score,anilist_popularity,anilist_trending,reddit_intent_score,reddit_velocity,recommended_sku_manga,recommended_sku_goods,notes,anilist_id
チェンソーマン,Chainsaw Man,301.87,299769,21,0,0,Vol 1 (New),Scale Figure,Reddit Query: N/A,105778
ONE PIECE,One Piece,214.18,211378,28,0,0,Vol 1 (New),Scale Figure,Reddit Query: N/A,30013
ワンパンマン,One-Punch Man,162.71,160807,19,0,0,Vol 1 (New),Scale Figure,Reddit Query: N/A,74347
SPY×FAMILY,SPY x FAMILY,150.38,149277,11,0,0,Vol 1 (New),Scale Figure,Reddit Query: N/A,108556
ブルーロック,Blue Lock,111.75,110646,11,0,0,Vol 1 (New),Scale Figure,Reddit Query: N/A,106130
ダンダダン,Dandadan,108.86,103063,58,0,0,Vol 1 (New),Scale Figure,Reddit Query: N/A,132029
SAKAMOTO DAYS,Sakamoto Days,81.93,80027,19,0,0,Vol 1 (New),Acrylic Stand / Keychains,Reddit Query: N/A,125828
薫る花は凛と咲く,The Fragrant Flower Blooms With Dignity,65.81,64608,12,0,0,Vol 1 (New),Acrylic Stand / Keychains,Reddit Query: N/A,140475
カグラバチ,Kagurabachi,55.0,53699,13,0,0,Vol 1 (New),Acrylic Stand / Keychains,Reddit Query: N/A,169355
ガチアクタ,Gachiakuta,52.03,51128,9,0,0,Vol 1 (New),Acrylic Stand / Keychains,Reddit Query: N/A,144946
アオのハコ,Blue Box,49.14,48138,10,0,0,Vol 1 (New),Acrylic Stand / Keychains,Reddit Query: N/A,132182
魔男のイチ,Ichi the Witch,19.73,18534,12,0,0,Vol 1 (New),Acrylic Stand / Keychains,Reddit Query: N/A,180752
呪術廻戦≡,Jujutsu Kaisen Modulo,11.19,10088,11,0,0,Vol 1 (New),Acrylic Stand / Keychains,Reddit Query: N/A,198372
転生王女と天才令嬢の魔法革命,The Magical Revolution of the Reincarnated Princess and the Genius Young Lady,11.0,9603,14,0,0,Vol 1 (New),Acrylic Stand / Keychains,Reddit Query: N/A,122344
ダメドルと世界に1人だけのファン,Damedol and the Only Fan in the World,9.91,8509,14,0,0,Vol 1 (New),Acrylic Stand / Keychains,Reddit Query: N/A,165012
のあ先輩はともだち。,Noa-senpai wa Tomodachi.,8.24,6936,13,0,0,Vol 1 (New),Acrylic Stand / Keychains,Reddit Query: N/A,167423
MAD,MAD,5.18,4276,9,0,0,Vol 1 (New),Acrylic Stand / Keychains,Reddit Query: N/A,178096
ボーイッシュ彼女が可愛すぎる,Boyish Girlfriend,4.23,3432,8,0,0,Vol 1 (New),Acrylic Stand / Keychains,Reddit Query: N/A,187624
勇者パーティーを追放された俺だが、俺から巣立ってくれたようで嬉しい。…なので大聖女、お前に追って来られては困るのだが？,"I’m Glad They Kicked Me From The Hero’s Party... But Why’re you following me, Great Saintess?",3.9,3002,9,0,0,Vol 1 (New),Acrylic Stand / Keychains,Reddit Query: N/A,160769
恋と呼ぶにはささやかですが,Koi to Yobu ni wa Sasayaka desu ga,2.32,1219,11,0,0,Vol 1 (New),Acrylic Stand / Keychains,Reddit Query: N/A,200342
